old_url,type,organic_clicks_16m,backlinks,action,new_url,title,meta_description,h1,built,verified
/,home,0,0,KEEP,/,"Recycle Technologies: Electronics Recycling, ITAD & Shredding","Full-service recycling facility for businesses handling e-waste, electronics, metals, bulbs, batteries, data destruction and logistics. Call (800) 969-5166.",Certified Electronics Recycling and Data Destruction Since 1993,TRUE,TRUE
/services/,service,0,0,KEEP,/services/,Recycling Services | Call (800) 969-5166,"Recycling services for electronics, batteries, light bulbs, paper, shredding, and more. Call (800) 969-5166 for recycling services today.",Services,TRUE,TRUE
/electronic-recycle/,service,4210,31,KEEP,/electronic-recycle/,Electronics Recycling Near Me: Drop-Off & Mail-In,"Commercial electronics recycling for businesses, offices & facilities. Recycle computers, servers, monitors & more with reliable e-waste pickup.",Recycle Your Electronics: Drop Off or Mail In,TRUE,TRUE
/electronic-recycling/,service,0,0,301,/electronic-recycle/,,,,FALSE,TRUE
/all-locations/,page,0,0,KEEP,/all-locations/,Recycling Drop-Off Locations Near You | Recycle Technologies,"Explore electronics recycling facility in USA. Drop-off your E-waste: old TVs, printers, computer, phones, monitors, small appliances, and more at one platform in your area.",Find a Drop-Off Location Near You,TRUE,TRUE
/light-bulbs/,service,1840,12,KEEP,/light-bulbs/,Fluorescent Tube & Light Bulb Recycling for Business,"Commercial light bulb recycling for businesses, facilities, and organizations. Recycle fluorescent, CFL, LED & other lamps. Call (800) 969-5166.",Fluorescent Tube and Light Bulb Recycling,TRUE,TRUE
/battery-recycling/,service,0,0,KEEP,/battery-recycling/,"Battery Recycling Near Me: Lithium, Lead Acid & More","Commercial battery recycling for businesses, offices & facilities. Recycle non-hazardous batteries from electronics and devices with reliable service.",Commercial Battery Recycling Services,TRUE,TRUE
/ballasts/,service,0,0,KEEP,/ballasts/,Ballast Recycling: PCB & Non-PCB | Recycle Technologies,"Recycle Technologies recycles PCB, non-PCB, electronic, and magnetic ballasts for businesses, with EPA-approved processing and a Certificate of Recycling.",Ballast Recycling Services,TRUE,TRUE
/tv-recycling/,service,0,0,KEEP,/tv-recycling/,"TV Recycling Near Me: CRT, LCD, LED & Plasma Disposal","Commercial TV recycling for businesses, offices, and facilities. Recycle LCD, LED, plasma & flat-screen TVs. Call (800) 969-5166.",TV Recycling and Disposal,TRUE,TRUE
/airbag-recycling/,service,0,0,KEEP,/airbag-recycling/,Airbag Disposal: Deployed & Undeployed Recycling,"Commercial airbag recycling for auto shops, dealerships & facilities. Recycle deployed and undeployed vehicle airbags with a reliable recycling service.",Airbag Recycling and Disposal for Auto Businesses,TRUE,TRUE
/hard-drive-destruction-services/,service,0,0,KEEP,/hard-drive-destruction-services/,Hard Drive Destruction Services | Certified Data Destruction,"Commercial hard drive destruction for businesses, offices & organizations. Securely destroy HDDs, SSDs and data storage devices with verified service.",Certified Hard Drive Destruction Services,TRUE,TRUE
/paper-shredding-services/,service,0,0,KEEP,/paper-shredding-services/,Paper Shredding Services for MN & WI Businesses,"Commercial paper shredding covering files, records, reports, and office paperwork using controlled destruction to reduce exposure risks. Call (800) 969-5166",Secure Paper Shredding Services,TRUE,TRUE
/off-site-shredding/,service,0,0,KEEP,/off-site-shredding/,Off-Site Shredding Services | Secure Document Destruction,"On-site and off-site shredding for confidential paperwork, shredded at your location or collected and securely destroyed at our certified facilities. Call (800) 969-5166",Secure Off-Site Document Shredding,TRUE,TRUE
/on-site-off-site-shredding/,service,0,0,301,/off-site-shredding/,,,,FALSE,FALSE
/phone-shredding-service/,service,0,0,KEEP,/phone-shredding-service/,Cell Phone Shredding for Business | Secure Destruction,"Phone shredding services providing physical destruction of mobile devices, SIM cards, memory chips, and handheld electronics to prevent data exposure. Call (800) 969-5166",Secure Cell Phone Shredding Services,TRUE,TRUE
/mobile-shredding-service/,service,0,0,301,/off-site-shredding/,,,,FALSE,FALSE
/dropoff/,page,0,0,KEEP,/dropoff/,Dropoff - Recycle Technologies,Drop off your electronic devices and recyclable materials at our convenient DROP-OFF LOCATIONS. Join us in promoting a greener future across the USA!,Drop-off Locations,TRUE,FALSE
/quote/,page,0,0,KEEP,/quote/,Get Quote related to Recycling & Shredding,"Request a quote for personalized Recycling, E-waste and Shredding services with Recycle Technologies. Eco-friendly solutions tailored to your recycling needs.",Get A Quote,TRUE,TRUE
/request-a-pickup/,page,0,0,KEEP,/request-a-pickup/,Request a pickup - Recycle Technologies,Request a pickup for recycling your electronic waste. Recycle Technologies offers efficient pickup services. Request a pickup now for a cleaner environment.,Schedule a Pickup,TRUE,TRUE
/contact-us/,page,0,0,KEEP,/contact-us/,Contact Us for inquires about E-Waste | Recycle Technologies,Contact Us- for Recycle Technologies' safe recycling and shredding services in MN & WI. A reliable and eco-friendly waste management solutions.,contact us,TRUE,TRUE
/certifications/,page,0,0,KEEP,/certifications/,"Certifications & Compliance | R2v3, RIOS, EPA | Recycle Technologies","Recycle Technologies holds R2v3 certification at its Blaine, Minnesota facilities and follows EPA, Minnesota PCA and Wisconsin DNR rules for hazardous and universal waste.",Certifications,TRUE,TRUE
/why-choose-us/,page,0,0,KEEP,/why-choose-us/,"Why Choose Recycle Technologies | Minority-Owned, R2v3 Certified","A Minority-Owned Midwest recycler since 1993, R2v3 certified in Blaine, Minnesota, issuing a Certificate of Recycling or Shredding on every shipment.",Why Choose Us,TRUE,TRUE
/sustainability/,page,0,0,KEEP,/sustainability/,Sustainability & Environmental Impact | Recycle Technologies,"How Recycle Technologies keeps electronics out of landfills — dismantling devices to base materials, routing them to vetted downstream vendors, and documenting every shipment.",Sustainability & Environmental Impact,TRUE,TRUE
/compliance-center/,page,0,0,KEEP,/compliance-center/,"Compliance Center | R2v3, EPA, MN & WI Law | Recycle Technologies","The certifications and regulations that govern how Recycle Technologies operates — R2v3 scope, EPA hazardous materials rules, and the Minnesota and Wisconsin electronics disposal bans.",Compliance Center,TRUE,TRUE
/case-studies/,page,0,0,KEEP,/case-studies/,Case Studies | Recycling & Data Destruction | Recycle Technologies,"Representative examples of how Recycle Technologies handles IT refreshes, healthcare device retirement, municipal collection events, school district upgrades and lighting retrofits.",Case Studies,TRUE,TRUE
/it-asset-disposition/,page,0,0,KEEP,/it-asset-disposition/,IT Asset Disposition (ITAD) Services | Recycle Technologies,"IT asset disposition for retired laptops, servers, storage hardware, networking equipment, and office technology. Call (800) 969-5166 to arrange service.",Secure ITAD Services for Your Business,TRUE,FALSE
/blog/,blog,0,0,KEEP,/blog/,Recyling & E-waste recycling trends Blog,"Stay updated with our blog on recycling and E-waste trends. From emerging technologies to consumer behaviors, gain valuable insights into the evolving world.",Blogs,TRUE,TRUE
/recycle-symbol/,post,0,0,KEEP,/recycle-symbol/,,,,TRUE,FALSE
/how-to-dispose-of-old-laptop/,post,0,0,KEEP,/how-to-dispose-of-old-laptop/,,,,FALSE,FALSE
/how-to-dispose-of-old-printer-machine/,post,0,0,KEEP,/how-to-dispose-of-old-printer-machine/,,,,FALSE,FALSE
/how-to-recycle-old-iphone/,post,0,0,KEEP,/how-to-recycle-old-iphone/,,,,FALSE,FALSE
/lithium-ion-battery-recycling/,post,0,0,KEEP,/lithium-ion-battery-recycling/,,,,FALSE,FALSE
/electric-vehicle-battery-manufacturing-waste/,post,0,0,KEEP,/electric-vehicle-battery-manufacturing-waste/,,,,FALSE,FALSE
/how-to-dispose-of-a-refrigerator/,post,0,0,KEEP,/how-to-dispose-of-a-refrigerator/,,,,FALSE,FALSE
/dispose-of-fire-extinguisher/,post,0,0,KEEP,/dispose-of-fire-extinguisher/,,,,FALSE,FALSE
/how-to-dispose-of-lighter-fluid/,post,0,0,KEEP,/how-to-dispose-of-lighter-fluid/,,,,FALSE,FALSE
/best-buy-geek-squad-vs-recycle-technologies/,post,0,0,KEEP,/best-buy-geek-squad-vs-recycle-technologies/,,,,FALSE,FALSE
/about-us,page,90,1,301,/about-us-commercial-recycling-solutions/,,,,FALSE,FALSE
/about-us-commercial-recycling-solutions/,page,1120,8,KEEP,/about-us-commercial-recycling-solutions/,Commercial Recycling Solutions,"Recycle Technologies Offering full-service commercial recycling as a recycling solution for e-waste, batteries, and lightbulbs in Minnesota and Wisconsin.",ABOUT US,TRUE,TRUE
/minnesota-recycling/hennepin-county-recycling-center/bloomington-recycling-center/,location,760,2,KEEP,/minnesota-recycling/hennepin-county-recycling-center/bloomington-recycling-center/,"Bloomington, MN Recycling: Electronics, Batteries & Bulbs","Recycling center in Bloomington supporting intake of electronic assets, battery units, lighting materials, paper flow, and material processing. (800) 969-5166.","Electronics Recycling in Bloomington, MN",TRUE,TRUE
/page/2/,pagination,0,0,301,/blog/page/2/,,,,FALSE,FALSE
/mail-in-recycling/,service,0,0,KEEP,/mail-in-recycling/,"Mail-In Recycling Kits: Electronics, Bulbs & Batteries","Recycle Technologies' Mail-In Program lets you ship eligible materials for recycling from anywhere, without a local drop-off or pickup.",Mail-In Recycling Kits for Homes and Businesses,TRUE,TRUE
/electronics-recycling-kit/,service,0,0,KEEP,/electronics-recycling-kit/,Electronics Recycling Kit | Mail-In E-Waste Program,"Recycle electronics from anywhere with Recycle Technologies' mail-in Electronics Recycling Kit. No local drop-off needed; open to individuals and businesses.",Electronics Recycling Kit,TRUE,TRUE
/industries/,page,0,0,KEEP,/industries/,Industries We Serve | Recycle Technologies,"Recycle Technologies serves healthcare, finance, education, government, automotive, manufacturing and retail organizations retiring computers, IT equipment and electronics.",Industries,TRUE,TRUE
/industries/healthcare/,industry,0,0,KEEP,/industries/healthcare/,Healthcare Recycling Services | Recycle Technologies,"Healthcare organizations can recycle retired computers, IT equipment, and electronics with documented, licensed recycling services.",Healthcare Recycling,TRUE,TRUE
/industries/financial-services-banking/,industry,0,0,KEEP,/industries/financial-services-banking/,Financial Services Recycling | Recycle Technologies,"Banks and financial services organizations can recycle retired computers, IT equipment, and records with documented, licensed recycling services.",Financial Services & Banking,TRUE,TRUE
/industries/education/,industry,0,0,KEEP,/industries/education/,Education Recycling for Schools & Colleges | RT,"Schools, districts, colleges, and universities can recycle retired computers and IT equipment with documented, licensed recycling services.",Education (K-12 & Higher Ed),TRUE,TRUE
/industries/government-municipal/,industry,0,0,KEEP,/industries/government-municipal/,Government Electronics Recycling | Recycle Technologies,"City, county, and municipal offices can recycle retired computers and IT equipment with documented, licensed recycling services.",Government & Municipal,TRUE,TRUE
/industries/automotive-fleet/,industry,0,0,KEEP,/industries/automotive-fleet/,Automotive & Fleet Recycling | Recycle Technologies,"Auto shops, dealerships, and fleet operations can recycle airbags, retired computers, and IT equipment with documented, licensed services.",Automotive & Fleet,TRUE,TRUE
/industries/manufacturing-industrial/,industry,0,0,KEEP,/industries/manufacturing-industrial/,Manufacturing & Industrial Recycling | Recycle Technologies,"Manufacturers and industrial facilities can recycle retired computers, IT equipment, batteries, and lighting through Recycle Technologies' licensed services.",Manufacturing & Industrial,TRUE,TRUE
/industries/retail-corporate-offices/,industry,0,0,KEEP,/industries/retail-corporate-offices/,Retail Electronics Recycling | Recycle Technologies,"Retailers and corporate offices can recycle retired computers, IT equipment, batteries, and lighting through Recycle Technologies' licensed services.",Retail & Corporate Offices,TRUE,TRUE
/resources/,page,0,0,KEEP,/resources/,"Recycling Resources | Guides, Articles & How-Tos | Recycle Technologies","Step-by-step recycling guides and articles on electronics, batteries, appliances, bulbs and data destruction, from a recycler operating since 1993.",Resources,TRUE,TRUE
/downloads/,page,0,0,KEEP,/downloads/,"Downloads | Certificates, Checklists & Shipping Guides | Recycle Technologies","Sample certificates of recycling and destruction, compliance checklists for policy and procurement teams, and Mail-In Program shipping and packaging guides.",Downloads,TRUE,TRUE
/itad-recycling-guides/,page,0,0,KEEP,/itad-recycling-guides/,ITAD & Recycling Guides | Recycle Technologies,"Practical guides to IT asset disposition, certified data destruction, R2v3 compliance, bulk electronics pickups and the Mail-In Program, plus reference documents for procurement and IT teams.",ITAD & Recycling Guides,TRUE,TRUE
/privacy-policy/,page,0,0,KEEP,/privacy-policy/,Privacy Policy - Recycle Technologies,"Read Recycle Technologies' Privacy Policy to understand how we collect, use, and protect your personal information. Stay informed with our updated practices",Privacy Policy,TRUE,FALSE
/terms-of-services/,page,0,0,KEEP,/terms-of-services/,Terms of services - Recycle Technologies,Learn about Recycle Technologies' comprehensive Terms of Service. Understand our policies and conditions for using our Services. Dive into details now!,Terms of Service,TRUE,FALSE
/cookies-and-personal-information/,page,0,0,KEEP,/cookies-and-personal-information/,Cookies and Personal Information - Recycle Technologies,"Discover how Recycle Technologies handles COOKIES and personal information, ensuring your data's safety and compliance with state regulations. Learn more now!",Cookies / Personal Information,TRUE,FALSE
/minnesota-recycling/,location,0,0,KEEP,/minnesota-recycling/,Electronics Recycling in Minnesota | Recycle Technologies,"Recycling center in Minnesota handling electronics, batteries, lamps, paper, and secure material processing for businesses and facilities. Call (800) 969-5166.",Recycling and Shredding Across Minnesota,TRUE,TRUE
/wisconsin-recycling/,location,0,0,KEEP,/wisconsin-recycling/,Electronics Recycling in Wisconsin | Recycle Technologies,"Recycling Wisconsin for electronics, computers, lamps, batteries, televisions, and devices, accepted through documented intake and processing procedures. Call (800) 969-5166.",Recycling and Shredding Across Wisconsin,TRUE,TRUE
/ballast-recycling-kits/,legacy,,,301,/ballasts/,,,,FALSE,FALSE
/battery-recycling-des-moines/,legacy,,,301,/battery-recycling/,,,,FALSE,FALSE
/battery-recycling-in-minnesota/,legacy,,,301,/minnesota-recycling/battery-recycling/,,,,FALSE,FALSE
/battery-recycling-in-wisconsin/,legacy,,,301,/wisconsin-recycling/battery-recycling/,,,,FALSE,FALSE
/computer-recycle-des-moines/,legacy,,,301,/electronic-recycle/,,,,FALSE,FALSE
/electronic-recycling-chicago/,location,,,KEEP,/electronic-recycling-chicago/,Chicago Electronics Recycling & Business Pickup,"Commercial electronics and e-waste recycling for Chicago businesses, with pickup, drop-off, ITAD and hard drive destruction through our certified process.",Electronics Recycling in Chicago and Northern Illinois,TRUE,TRUE
/electronic-recycling-des-moines/,legacy,,,301,/electronic-recycle/,,,,FALSE,FALSE
/electronic-recycling-minnesota/,legacy,,,301,/minnesota-recycling/,,,,FALSE,FALSE
/electronic-recycling-wisconsin/,legacy,,,301,/wisconsin-recycling/electronic-recycling/,,,,FALSE,FALSE
/electronics-recycling-in-minneapolis/,legacy,,,301,/minnesota-recycling/,,,,FALSE,FALSE
/electronics-recycling-in-minneapolis/electronic-recycling-in-rochester/,legacy,,,301,/minnesota-recycling/,,,,FALSE,FALSE
/electronics-recycling-in-wisconsin/,legacy,,,301,/wisconsin-recycling/electronic-recycling/,,,,FALSE,FALSE
/fort-worth-texas/,location,,,KEEP,/fort-worth-texas/,"Fort Worth Recycling Center: Lamps, Batteries & E-Waste","Recycling services Texas coordinating collection of electronic hardware, spent lighting, varied battery formats, paper volumes, and approved discards statewide. Call (800) 969-5166","Recycle Technologies Fort Worth, TX",TRUE,TRUE
/franklin-indiana/,location,,,KEEP,/franklin-indiana/,"Franklin, IN Recycling: Electronics, Batteries & Bulbs","Recycling services Franklin Indiana handling electronics, retired lighting, varied battery categories, paper materials, and approved items through scheduled intake. Call (800) 969-5166","Electronics Recycling in Franklin, IN",TRUE,TRUE
/greenwood-indiana/,location,,,KEEP,/greenwood-indiana/,"Greenwood Recycling Center: Lamps, Batteries & E-Waste","Recycling services Greenwood organizing drop-off and pickup for electronics, lighting debris, battery groups, paper materials, and approved waste streams. Call (800) 969-5166","Recycle Technologies Greenwood, IN",TRUE,TRUE
/https-www-recycletechnologies-com-ballasts/,legacy,,,301,/ballasts/,,,,FALSE,FALSE
/johnson-city-boggs-tennessee/,legacy,,,301,/mail-in-recycling/,,,,FALSE,FALSE
/johnson-city-buffalo-tennessee/,location,,,KEEP,/johnson-city-buffalo-tennessee/,"Johnson City Recycling Center: Lamps, Batteries & E-Waste","Recycling services Johnson City Buffalo supporting intake of electronic equipment, lighting waste, battery varieties, paper materials, and approved items. Call (800) 969-5166","Recycle Technologies Johnson City, TN",TRUE,TRUE
/kennesaw-georgia/,location,,,KEEP,/kennesaw-georgia/,"Kennesaw, GA Recycling Center: Lamps, Batteries & E-Waste","Recycling services Kennesaw coordinating acceptance of electronics, lamp remnants, battery assortments, paper loads, and approved materials for processing. Call (800) 969-5166","Recycle Technologies Kennesaw, GA (Atlanta Area)",TRUE,TRUE
/lewisburg-tennessee/,legacy,,,301,/mail-in-recycling/,,,,FALSE,FALSE
/light-bulb-recycling-in-wisconsin/,legacy,,,301,/wisconsin-recycling/light-bulb-recycling/,,,,FALSE,FALSE
/light-bulb-recycling-minneapolis/,legacy,,,301,/minnesota-recycling/,,,,FALSE,FALSE
/locations/,legacy,,,301,/all-locations/,,,,FALSE,FALSE
/minnesota-recycling/anoka-county-recycling/,location,,,KEEP,/minnesota-recycling/anoka-county-recycling/,"Anoka County, MN Recycling: Electronics, Batteries & Bulbs","Recycling center in Anoka County managing electronics, batteries, lamps, paper, and controlled materials for local organizations. Call (800) 969-5166.","Electronics Recycling in Anoka County, MN",TRUE,TRUE
/minnesota-recycling/battery-recycling-duluth/,legacy,,,301,/minnesota-recycling/,,,,FALSE,FALSE
/minnesota-recycling/battery-recycling-in-minneapolis/,location,,,KEEP,/minnesota-recycling/battery-recycling-in-minneapolis/,"Battery Recycling in Minneapolis, MN | Recycle Technologies","Battery recycling Minneapolis for lithium iron phosphate packs, zinc chloride cells, silver zinc units, and sealed energy modules, received through approved handling steps. Call (800) 969-5166.","Battery Recycling in Minneapolis, MN",TRUE,TRUE
/minnesota-recycling/battery-recycling-st-paul/,location,,,KEEP,/minnesota-recycling/battery-recycling-st-paul/,"Battery Recycling in St. Paul, MN | Recycle Technologies","Battery recycling in St. Paul for power tool batteries, medical batteries, backup batteries, and small energy units. Call (800) 969-5166 to schedule service.","Battery Recycling in St. Paul, MN",TRUE,TRUE
/minnesota-recycling/benton-county-recycling/,location,,,KEEP,/minnesota-recycling/benton-county-recycling/,"Benton County, MN Recycling: Electronics, Batteries & Bulbs","Recycling center in Benton County supporting electronic equipment, spent batteries, lighting waste, paper streams, and secure material handling. Call (800) 969-5166.","Electronics Recycling in Benton County, MN",TRUE,TRUE
/minnesota-recycling/benton-county-recycling/st-cloud-recycling-center/,location,,,KEEP,/minnesota-recycling/benton-county-recycling/st-cloud-recycling-center/,"St Cloud, MN Recycling: Electronics, Batteries & Bulbs","Recycling center St Cloud offering electronics intake, device clearing, lamp handling, battery acceptance, and secure shredding services. Call (800) 969-5166.","Electronics Recycling in St Cloud, MN",TRUE,TRUE
/minnesota-recycling/bulb-recycle-minneapolis/,location,,,KEEP,/minnesota-recycling/bulb-recycle-minneapolis/,"Minneapolis, MN Bulb Recycling: Fluorescent Tubes & CFLs","Bulb recycling Minneapolis Minnesota for fluorescent tubes, CFLs, LEDs, and HID lamps, received, packed, and routed through approved handling steps. Call (800) 969-5166.","Bulb Recycling in Minneapolis, MN",TRUE,TRUE
/minnesota-recycling/computer-recycle-duluth/,legacy,,,301,/minnesota-recycling/,,,,FALSE,FALSE
/minnesota-recycling/computer-recycle-minneapolis/,legacy,,,301,/minnesota-recycling/,,,,FALSE,FALSE
/minnesota-recycling/coon-rapids/,location,,,KEEP,/minnesota-recycling/coon-rapids/,"Coon Rapids, MN Recycling: Electronics, Batteries & Bulbs","Recycling in Coon Rapids covering electronic equipment, spent batteries, lighting waste, paper materials, and secure drop-off options. Call (800) 969-5166.","Electronics Recycling in Coon Rapids, MN",TRUE,TRUE
/minnesota-recycling/dakota-county/,location,,,KEEP,/minnesota-recycling/dakota-county/,"Dakota County, MN Recycling: Electronics, Batteries & Bulbs","Recycling center in Dakota County providing intake for e-waste, lighting waste, used batteries, paper streams, and controlled material processing. Call (800) 969-5166.","Electronics Recycling in Dakota County, MN",TRUE,TRUE
/minnesota-recycling/dakota-county/burnsville-recycling-center/,location,,,KEEP,/minnesota-recycling/dakota-county/burnsville-recycling-center/,"Burnsville, MN Recycling: Electronics, Batteries & Bulbs","Recycling center in Burnsville accepting electronic equipment, spent power cells, lighting waste, paper materials, and managed material intake. Call (800) 969-5166.","Electronics Recycling in Burnsville, MN",TRUE,TRUE
/minnesota-recycling/dakota-county/lakeville-recycling-center/,location,,,KEEP,/minnesota-recycling/dakota-county/lakeville-recycling-center/,"Lakeville, MN Recycling: Electronics, Batteries & Bulbs","Recycling center in Lakeville supporting collection of electronic hardware, spent batteries, lighting materials, paper output, and controlled processing. Call (800) 969-5166.","Electronics Recycling in Lakeville, MN",TRUE,TRUE
/minnesota-recycling/duluth/,legacy,,,301,/minnesota-recycling/,,,,FALSE,FALSE
/minnesota-recycling/east-bethel/,location,,,KEEP,/minnesota-recycling/east-bethel/,"East Bethel, MN Recycling: Electronics, Batteries & Bulbs","Recycling East Bethel for consoles, modems, power cords, ink units, and small electronics, received through verified intake and processing steps. Call (800) 969-5166.","Electronics Recycling in East Bethel, MN",TRUE,TRUE
/minnesota-recycling/electronic-recycling-duluth/,location,,,KEEP,/minnesota-recycling/electronic-recycling-duluth/,"Duluth, MN Recycling: Electronics, Batteries & Bulbs","Sustainable electronic recycling Duluth Minnesota for POS terminals, barcode scanners, AV gear, and tablets, managed through verified intake steps. Call (800) 969-5166.","Electronics Recycling in Duluth, MN",TRUE,TRUE
/minnesota-recycling/electronic-recycling-in-woodbury/,legacy,,,301,/minnesota-recycling/,,,,FALSE,FALSE
/minnesota-recycling/electronic-recycling-minneapolis/,legacy,,,301,/minnesota-recycling/,,,,FALSE,FALSE
/minnesota-recycling/electronic-recycling-st-paul/,legacy,,,301,/minnesota-recycling/,,,,FALSE,FALSE
/minnesota-recycling/hennepin-county-recycling-center/,location,,,KEEP,/minnesota-recycling/hennepin-county-recycling-center/,"Hennepin County, MN Recycling: Electronics, Batteries & Bulbs","Recycling center Hennepin County receiving electronics, computers, lamps, batteries, and devices, managed through documented intake and processing steps. Call (800) 969-5166.","Electronics Recycling in Hennepin County, MN",TRUE,TRUE
/minnesota-recycling/hennepin-county-recycling-center/brooklyn-park-recycling-center/,legacy,,,301,/minnesota-recycling/,,,,FALSE,FALSE
/minnesota-recycling/hennepin-county-recycling-center/edina-recycling-services/,location,,,KEEP,/minnesota-recycling/hennepin-county-recycling-center/edina-recycling-services/,"Edina, MN Recycling: Electronics, Batteries & Bulbs","Recycling services Edina for electronics, batteries, lamps, devices, and paper, handled through approved intake and processing steps. Call (800) 969-5166.","Electronics Recycling in Edina, MN",TRUE,TRUE
/minnesota-recycling/hennepin-county-recycling-center/maple-grove-recycling-center/,location,,,KEEP,/minnesota-recycling/hennepin-county-recycling-center/maple-grove-recycling-center/,"Maple Grove, MN Recycling: Electronics, Batteries & Bulbs","Recycling center in Maple Grove receiving electronic equipment, spent batteries, lighting waste, paper materials, and organized material intake. Call (800) 969-5166.","Electronics Recycling in Maple Grove, MN",TRUE,TRUE
/minnesota-recycling/hennepin-county-recycling-center/minneapolis-recycling-center/,legacy,,,301,/minnesota-recycling/,,,,FALSE,FALSE
/minnesota-recycling/hennepin-county-recycling-center/minnetonka-recycling-center/,location,,,KEEP,/minnesota-recycling/hennepin-county-recycling-center/minnetonka-recycling-center/,"Minnetonka, MN Recycling: Electronics, Batteries & Bulbs","Recycling center Minnetonka receiving phones, routers, circuit boards, ink cartridges, and small devices, accepted through controlled intake and processing. Call (800) 969-5166.","Electronics Recycling in Minnetonka, MN",TRUE,TRUE
/minnesota-recycling/hennepin-county-recycling-center/plymouth-recycling-center/,location,,,KEEP,/minnesota-recycling/hennepin-county-recycling-center/plymouth-recycling-center/,"Plymouth, MN Recycling: Electronics, Batteries & Bulbs","Recycling center in Plymouth providing intake for electronic hardware, battery packs, lighting components, paper streams, and regulated material flow. Call (800) 969-5166","Electronics Recycling in Plymouth, MN",TRUE,TRUE
/minnesota-recycling/hennepin-county-recycling-center/richfield-recycling-services/,legacy,,,301,/minnesota-recycling/,,,,FALSE,FALSE
/minnesota-recycling/minneapolis/,location,,,KEEP,/minnesota-recycling/minneapolis/,"Minneapolis, MN Recycling: Electronics, Batteries & Bulbs","Recycling services in Minneapolis supporting electronics, batteries, lighting waste, paper output, secure handling, and processing. Call (800) 969-5166","Electronics Recycling in Minneapolis, MN",TRUE,TRUE
/minnesota-recycling/olmsted-county/,location,,,KEEP,/minnesota-recycling/olmsted-county/,"Olmsted County, MN Recycling: Electronics, Batteries & Bulbs","Recycling center Olmsted County handling electronics, batteries, lamps, devices, and records through approved acceptance and processing methods. Call (800) 969-5166.","Electronics Recycling in Olmsted County, MN",TRUE,TRUE
/minnesota-recycling/olmsted-county/rochester-recycling/,legacy,,,301,/minnesota-recycling/,,,,FALSE,FALSE
/minnesota-recycling/ramsey/,location,,,KEEP,/minnesota-recycling/ramsey/,"Ramsey, MN Recycling: Electronics, Batteries & Bulbs","Recycling Ramsey for tablets, desktops, routers, small appliances, lamps, and dry cell batteries, received through controlled intake and processing steps. Call (800) 969-5166.","Electronics Recycling in Ramsey, MN",TRUE,TRUE
/minnesota-recycling/ramsey/blaine/,location,,,KEEP,/minnesota-recycling/ramsey/blaine/,"Blaine Recycling Center: Hours, Drop-Off & Pickup","Recycling Services in Blaine offering collection for electronic items, battery units, lighting remnants, paper materials, and managed processing support. Call (800) 969-5166","Recycle Technologies Blaine, MN",TRUE,TRUE
/minnesota-recycling/ramsey/electronic-recycling/,legacy,,,301,/minnesota-recycling/,,,,FALSE,FALSE
/minnesota-recycling/ramsey/electronic-recycling/roseville-electronic-recycling/,legacy,,,301,/minnesota-recycling/,,,,FALSE,FALSE
/minnesota-recycling/ramsey/roseville/,legacy,,,301,/minnesota-recycling/,,,,FALSE,FALSE
/minnesota-recycling/scott-county/,location,,,KEEP,/minnesota-recycling/scott-county/,"Scott County, MN Recycling: Electronics, Batteries & Bulbs","Recycling services Scott County arranging intake for electronics, lighting scrap, assorted battery formats, paper loads, and approved materials. Call (800) 969-5166","Electronics Recycling in Scott County, MN",TRUE,TRUE
/minnesota-recycling/washington-county/,location,,,KEEP,/minnesota-recycling/washington-county/,"Washington County, MN: Electronics, Battery & Bulb Recycling","Recycling center in Washington County MN accepting electronics, batteries, lighting, paper, and approved materials from homes and facilities. Call (800) 969-5166","Electronics Recycling in Washington County, MN",TRUE,TRUE
/minnesota-recycling/washington-county/oakdale-recycling-services/,legacy,,,301,/minnesota-recycling/,,,,FALSE,FALSE
/news/,legacy,,,301,/category/news/,,,,FALSE,FALSE
/ocala-florida/,location,,,KEEP,/ocala-florida/,"Ocala Recycling Center: Lamps, Batteries & E-Waste","Recycling services Ocala coordinating receipt of electronics, lamp debris, mixed battery groups, paper volumes, and approved items for proper routing. Call (800) 969-5166","Recycle Technologies Ocala, FL",TRUE,TRUE
/ontario-california/,legacy,,,301,/mail-in-recycling/,,,,FALSE,FALSE
/phoenix-arizona/,location,,,KEEP,/phoenix-arizona/,"Phoenix Recycling Center: Lamps, Batteries & E-Waste","Recycling services Arizona coordinating collection of electronics, lighting waste, battery types, paper materials, and approved items statewide. Call (800) 969-5166","Recycle Technologies Phoenix, AZ",TRUE,TRUE
/quote-by-location/,legacy,,,301,/quote/,,,,FALSE,FALSE
/recycling-kits-in-alabama/,legacy,,,301,/mail-in-recycling/,,,,FALSE,FALSE
/recycling-kits-in-alaska/,legacy,,,301,/mail-in-recycling/,,,,FALSE,FALSE
/recycling-kits-in-arizona/,legacy,,,301,/mail-in-recycling/,,,,FALSE,FALSE
/recycling-kits-in-arkansas/,legacy,,,301,/mail-in-recycling/,,,,FALSE,FALSE
/recycling-kits-in-california/,legacy,,,301,/mail-in-recycling/,,,,FALSE,FALSE
/recycling-kits-in-colorado/,legacy,,,301,/mail-in-recycling/,,,,FALSE,FALSE
/recycling-kits-in-connecticut/,legacy,,,301,/mail-in-recycling/,,,,FALSE,FALSE
/recycling-kits-in-delaware/,legacy,,,301,/mail-in-recycling/,,,,FALSE,FALSE
/recycling-kits-in-florida/,legacy,,,301,/mail-in-recycling/,,,,FALSE,FALSE
/recycling-kits-in-georgia/,legacy,,,301,/mail-in-recycling/,,,,FALSE,FALSE
/recycling-kits-in-hawaii/,legacy,,,301,/mail-in-recycling/,,,,FALSE,FALSE
/recycling-kits-in-idaho/,legacy,,,301,/mail-in-recycling/,,,,FALSE,FALSE
/recycling-kits-in-illinois/,legacy,,,301,/mail-in-recycling/,,,,FALSE,FALSE
/recycling-kits-in-indiana/,legacy,,,301,/mail-in-recycling/,,,,FALSE,FALSE
/recycling-kits-in-iowa/,legacy,,,301,/mail-in-recycling/,,,,FALSE,FALSE
/recycling-kits-in-kansas/,legacy,,,301,/mail-in-recycling/,,,,FALSE,FALSE
/recycling-kits-in-kentucky/,legacy,,,301,/mail-in-recycling/,,,,FALSE,FALSE
/recycling-kits-in-louisiana/,legacy,,,301,/mail-in-recycling/,,,,FALSE,FALSE
/recycling-kits-in-maine/,legacy,,,301,/mail-in-recycling/,,,,FALSE,FALSE
/recycling-kits-in-maryland/,legacy,,,301,/mail-in-recycling/,,,,FALSE,FALSE
/recycling-kits-in-massachusetts/,legacy,,,301,/mail-in-recycling/,,,,FALSE,FALSE
/recycling-kits-in-michigan/,legacy,,,301,/mail-in-recycling/,,,,FALSE,FALSE
/recycling-kits-in-minnesota/,legacy,,,301,/mail-in-recycling/,,,,FALSE,FALSE
/recycling-kits-in-mississippi/,legacy,,,301,/mail-in-recycling/,,,,FALSE,FALSE
/recycling-kits-in-missouri/,legacy,,,301,/mail-in-recycling/,,,,FALSE,FALSE
/recycling-kits-in-montana/,legacy,,,301,/mail-in-recycling/,,,,FALSE,FALSE
/recycling-kits-in-nebraska/,legacy,,,301,/mail-in-recycling/,,,,FALSE,FALSE
/recycling-kits-in-nevada/,legacy,,,301,/mail-in-recycling/,,,,FALSE,FALSE
/recycling-kits-in-new-hampshire/,legacy,,,301,/mail-in-recycling/,,,,FALSE,FALSE
/recycling-kits-in-new-jersey/,legacy,,,301,/mail-in-recycling/,,,,FALSE,FALSE
/recycling-kits-in-new-mexico/,legacy,,,301,/mail-in-recycling/,,,,FALSE,FALSE
/recycling-kits-in-new-york/,legacy,,,301,/mail-in-recycling/,,,,FALSE,FALSE
/recycling-kits-in-north-carolina/,legacy,,,301,/mail-in-recycling/,,,,FALSE,FALSE
/recycling-kits-in-north-dakota/,legacy,,,301,/mail-in-recycling/,,,,FALSE,FALSE
/recycling-kits-in-ohio/,legacy,,,301,/mail-in-recycling/,,,,FALSE,FALSE
/recycling-kits-in-oklahoma/,legacy,,,301,/mail-in-recycling/,,,,FALSE,FALSE
/recycling-kits-in-oregon/,legacy,,,301,/mail-in-recycling/,,,,FALSE,FALSE
/recycling-kits-in-pennsylvania/,legacy,,,301,/mail-in-recycling/,,,,FALSE,FALSE
/recycling-kits-in-rhode-island/,legacy,,,301,/mail-in-recycling/,,,,FALSE,FALSE
/recycling-kits-in-south-carolina/,legacy,,,301,/mail-in-recycling/,,,,FALSE,FALSE
/recycling-kits-in-south-dakota/,legacy,,,301,/mail-in-recycling/,,,,FALSE,FALSE
/recycling-kits-in-tennessee/,legacy,,,301,/mail-in-recycling/,,,,FALSE,FALSE
/recycling-kits-in-texas/,legacy,,,301,/mail-in-recycling/,,,,FALSE,FALSE
/recycling-kits-in-utah/,legacy,,,301,/mail-in-recycling/,,,,FALSE,FALSE
/recycling-kits-in-vermont/,legacy,,,301,/mail-in-recycling/,,,,FALSE,FALSE
/recycling-kits-in-virginia/,legacy,,,301,/mail-in-recycling/,,,,FALSE,FALSE
/recycling-kits-in-washington/,legacy,,,301,/mail-in-recycling/,,,,FALSE,FALSE
/recycling-kits-in-west-virginia/,legacy,,,301,/mail-in-recycling/,,,,FALSE,FALSE
/recycling-kits-in-wisconsin/,legacy,,,301,/mail-in-recycling/,,,,FALSE,FALSE
/recycling-kits-in-wyoming/,legacy,,,301,/mail-in-recycling/,,,,FALSE,FALSE
/recycling-kits/,legacy,,,301,/mail-in-recycling/,,,,FALSE,FALSE
/recycling-kits/airbag-recycling-kits/,legacy,,,301,/airbag-recycling/,,,,FALSE,FALSE
/recycling-kits/battery-recycling/,legacy,,,301,/battery-recycling/,,,,FALSE,FALSE
/recycling-kits/electronics-recycling-kits/,legacy,,,301,/electronics-recycling-kit/,,,,FALSE,FALSE
/recycling-kits/light-bulbs-recycling-kits/,legacy,,,301,/light-bulbs/,,,,FALSE,FALSE
/recycling-kits/mercury-recycling-kits/,legacy,,,301,/mail-in-recycling/,,,,FALSE,FALSE
/recycling-kits/safety-gloves-recycling-kits/,legacy,,,301,/mail-in-recycling/,,,,FALSE,FALSE
/recycling-kits/smoke-detector-recycling-kits/,legacy,,,301,/mail-in-recycling/,,,,FALSE,FALSE
/recycling-kits/tritium-exit-sign-recycling-kits/,legacy,,,301,/mail-in-recycling/,,,,FALSE,FALSE
/shredding-minnesota/,location,,,KEEP,/shredding-minnesota/,Paper Shredding in Minnesota | Recycle Technologies,Document shredding in Minnesota for records and confidential documents. Call (800) 969-5166 for document shredding today.,Paper Shredding Services in Minnesota,TRUE,TRUE
/shredding-minnesota/des-moines/,legacy,,,301,/paper-shredding-services/,,,,FALSE,FALSE
/shredding-minnesota/duluth/,location,,,KEEP,/shredding-minnesota/duluth/,Duluth Paper Shredding & Document Destruction,"Duluth shredding service for secure disposal of business paperwork, archived files, and sensitive documents with scheduled pickup options. Call (800) 969-5166","Paper Shredding in Duluth, MN",TRUE,TRUE
/shredding-minnesota/minneapolis/,legacy,,,301,/paper-shredding-services/,,,,FALSE,FALSE
/shredding-minnesota/rochester/,legacy,,,301,/paper-shredding-services/,,,,FALSE,FALSE
/shredding-minnesota/st-paul/,location,,,KEEP,/shredding-minnesota/st-paul/,St. Paul Paper Shredding & Document Destruction,"Shredding service in St. Paul for secure disposal of paper files, records, and printed materials from offices and organizations. Call (800) 969-5166","Paper Shredding in St. Paul, MN",TRUE,TRUE
/shredding-wisconsin/,legacy,,,301,/paper-shredding-services/,,,,FALSE,FALSE
/shredding-wisconsin/appleton/,legacy,,,301,/paper-shredding-services/,,,,FALSE,FALSE
/shredding-wisconsin/green-bay/,location,,,KEEP,/shredding-wisconsin/green-bay/,"Paper Shredding in Green Bay, WI | Recycle Technologies",Secure shredding services in Green Bay & its surroundings at Recycle Technologies. AAA NAID-certified paper shredding ensures ultimate data protection in Green Bay.,"Paper Shredding Services in Green Bay, WI",TRUE,TRUE
/shredding-wisconsin/madison/,legacy,,,301,/paper-shredding-services/,,,,FALSE,FALSE
/shredding-wisconsin/milwaukee/,legacy,,,301,/paper-shredding-services/,,,,FALSE,FALSE
/shredding-wisconsin/racine/,legacy,,,301,/paper-shredding-services/,,,,FALSE,FALSE
/shredding-wisconsin/waukesha/,location,,,KEEP,/shredding-wisconsin/waukesha/,Waukesha Paper Shredding & Document Destruction,"Shredding service Waukesha for documents, invoices, manuals, and confidential papers, destroyed through controlled procedures with recorded completion. Call (800) 969-5166.","Paper Shredding in Waukesha, WI",TRUE,TRUE
/tv-recycling-des-moines/,legacy,,,301,/tv-recycling/,,,,FALSE,FALSE
/tv-recycling-in-minnesota/,location,,,KEEP,/tv-recycling-in-minnesota/,TV Recycling in Minnesota | Recycle Technologies,"TV recycling in Minnesota homes and facilities trust for disposal of flat screens, broken units, outdated models, and large televisions. Call (800) 969-5166",TV Recycling in Minnesota,TRUE,TRUE
/tv-recycling-in-wisconsin/,location,,,KEEP,/tv-recycling-in-wisconsin/,TV Recycling in Wisconsin | Recycle Technologies,"TV recycling Wisconsin for smart televisions, LCD panels, plasma screens, CRT units, and display equipment, accepted through verified intake and processing steps. Call (800) 969-5166.",TV Recycling in Wisconsin,TRUE,TRUE
/wisconsin-recycling/appleton-electronic-recycling-center/,location,,,KEEP,/wisconsin-recycling/appleton-electronic-recycling-center/,"Appleton, WI Recycling: Electronics, Batteries & Bulbs","Electronic recycling Appleton for desktops, laptops, network switches, circuit cards, and peripherals, received through documented intake and approved processing. Call (800) 969-5166.","Electronics Recycling in Appleton, WI",TRUE,TRUE
/wisconsin-recycling/battery-recycling-appleton/,location,,,KEEP,/wisconsin-recycling/battery-recycling-appleton/,"Battery Recycling in Appleton, WI | Recycle Technologies","Battery recycling Appleton for alkaline cells, zinc air batteries, lithium coin cells, and sealed backup units, received and processed under approved rules. Call (800) 969-5166.","Battery Recycling in Appleton, WI",TRUE,TRUE
/wisconsin-recycling/battery-recycling-green-bay/,location,,,KEEP,/wisconsin-recycling/battery-recycling-green-bay/,"Battery Recycling in Green Bay, WI | Recycle Technologies","Battery recycling Green Bay drop-off and collection for power packs, backup cells, sealed units, and mixed chemistries from local users. Call (800) 969-5166","Battery Recycling in Green Bay, WI",TRUE,TRUE
/wisconsin-recycling/battery-recycling-madison/,location,,,KEEP,/wisconsin-recycling/battery-recycling-madison/,"Battery Recycling in Madison, WI | Recycle Technologies","Battery recycling Madison for household and commercial batteries, including alkaline, lithium, nickel-based, and button cells, accepted for proper processing. Call (800) 969-5166.","Battery Recycling in Madison, WI",TRUE,TRUE
/wisconsin-recycling/battery-recycling-milwaukee/,location,,,KEEP,/wisconsin-recycling/battery-recycling-milwaukee/,"Battery Recycling in Milwaukee, WI | Recycle Technologies","Non-hazardous battery recycling Milwaukee for dry cells, sealed units, backup packs, and consumer batteries accepted through organized recovery. Call (800) 969-5166","Battery Recycling in Milwaukee, WI",TRUE,TRUE
/wisconsin-recycling/battery-recycling-waukesha/,location,,,KEEP,/wisconsin-recycling/battery-recycling-waukesha/,"Battery Recycling in Waukesha, WI | Recycle Technologies","Battery recycling Waukesha for lithium primary cells, nickel cadmium packs, silver oxide batteries, and sealed power units, handled through approved processing steps. Call (800) 969-5166.","Battery Recycling in Waukesha, WI",TRUE,TRUE
/wisconsin-recycling/bulb-recycle-milwaukee/,location,,,KEEP,/wisconsin-recycling/bulb-recycle-milwaukee/,"Milwaukee, WI Bulb Recycling: Fluorescent Tubes & CFLs","Bulb recycling Milwaukee for linear fluorescents, CFLs, metal halide lamps, induction lights, and pin-based bulbs, accepted through approved handling steps. Call (800) 969-5166.","Bulb Recycling in Milwaukee, WI",TRUE,TRUE
/wisconsin-recycling/calumet-county/,location,,,KEEP,/wisconsin-recycling/calumet-county/,"Calumet County, WI Recycling: Electronics & Batteries","Material recycling in Calumet handling accepted electronics, spent lamps, mixed battery formats, document paper, and approved items. Call (800) 969-5166","Electronics Recycling in Calumet County, WI",TRUE,TRUE
/wisconsin-recycling/calumet-county/appleton-recycling/,legacy,,,301,/wisconsin-recycling/,,,,FALSE,FALSE
/wisconsin-recycling/computer-recycle-milwaukee/,legacy,,,301,/wisconsin-recycling/,,,,FALSE,FALSE
/wisconsin-recycling/computer-recycling-madison/,location,,,KEEP,/wisconsin-recycling/computer-recycling-madison/,"Computer Recycling in Madison, WI | Recycle Technologies","Eco-friendly computer recycling Madison Wisconsin for laptops, all-in-ones, thin clients, storage arrays, and peripherals, received and processed under approved handling steps. Call (800) 969-5166.","Computer Recycling in Madison, WI",TRUE,TRUE
/wisconsin-recycling/electronic-recycling-appleton/,legacy,,,301,/wisconsin-recycling/,,,,FALSE,FALSE
/wisconsin-recycling/electronic-recycling-green-bay/,legacy,,,301,/wisconsin-recycling/,,,,FALSE,FALSE
/wisconsin-recycling/electronic-recycling-madison/,legacy,,,301,/wisconsin-recycling/,,,,FALSE,FALSE
/wisconsin-recycling/electronics-recycling-green-bay/,legacy,,,301,/wisconsin-recycling/,,,,FALSE,FALSE
/wisconsin-recycling/electronics-recycling-milwaukee/,location,,,KEEP,/wisconsin-recycling/electronics-recycling-milwaukee/,"Milwaukee, WI Recycling: Electronics, Batteries & Bulbs","Electronics recycling Milwaukee WI managing computers, screens, servers, office equipment, and retired devices through structured recovery. Call (800) 969-5166","Electronics Recycling in Milwaukee, WI",TRUE,TRUE
/wisconsin-recycling/fluorescent-bulb-recycle-madison/,location,,,KEEP,/wisconsin-recycling/fluorescent-bulb-recycle-madison/,"Madison, WI Bulb Recycling: Fluorescent Tubes & CFLs","Bulb recycling Madison WI collecting spent CFLs, linear lamps, specialty lighting, and commercial bulb waste from offices and facilities. Call (800) 969-5166","Bulb Recycling in Madison, WI",TRUE,TRUE
/wisconsin-recycling/fond-du-lac-recycling/,legacy,,,301,/wisconsin-recycling/,,,,FALSE,FALSE
/wisconsin-recycling/green-bay-recycling/,location,,,KEEP,/wisconsin-recycling/green-bay-recycling/,"Green Bay, WI Recycling: Electronics, Batteries & Bulbs","Recycling center Green Bay accepting electronics, lamps, batteries, computers, and devices, managed through verified intake and processing procedures. Call (800) 969-5166.","Electronics Recycling in Green Bay, WI",TRUE,TRUE
/wisconsin-recycling/madison/,location,,,KEEP,/wisconsin-recycling/madison/,"Madison, WI Recycling: Electronics, Batteries & Bulbs","Recycling center Madison managing electronics intake, lighting waste, battery assortments, paper volumes, and approved material streams. Call (800) 969-5166","Electronics Recycling in Madison, WI",TRUE,TRUE
/wisconsin-recycling/madison/electronic-recycling/,legacy,,,301,/wisconsin-recycling/,,,,FALSE,FALSE
/wisconsin-recycling/milwaukee/,location,,,KEEP,/wisconsin-recycling/milwaukee/,"Milwaukee, WI Recycling: Electronics, Batteries & Bulbs","Recycling center Milwaukee coordinating drop-off and collection for electronics, lighting units, assorted batteries, paper stock, and approved items. Call (800) 969-5166","Electronics Recycling in Milwaukee, WI",TRUE,TRUE
/wisconsin-recycling/milwaukee/oak-creek/,location,,,KEEP,/wisconsin-recycling/milwaukee/oak-creek/,"Oak Creek, WI Recycling: Electronics, Batteries & Bulbs","Recycling center Oak Creek handling printers, switches, power adapters, lamps, and mixed electronics, accepted through documented intake and processing steps. Call (800) 969-5166.","Electronics Recycling in Oak Creek, WI",TRUE,TRUE
/wisconsin-recycling/new-berlin-recycling-center/,location,,,KEEP,/wisconsin-recycling/new-berlin-recycling-center/,"New Berlin Recycling Center: Hours, Drop-Off & Pickup","Recycling center in New Berlin receiving electronics, batteries, lamps, paper, and secure material processing for businesses and facilities. Call (800) 969-5166.","Recycle Technologies New Berlin, WI",TRUE,FALSE
/wisconsin-recycling/oconomowoc-recycling-center/,location,,,KEEP,/wisconsin-recycling/oconomowoc-recycling-center/,"Oconomowoc, WI Recycling: Electronics, Batteries & Bulbs","Get Peace of mind by recycling with us. Please review all items we accept and do not accept in our recycling center. For Free Quote, Contact Us.","Electronics Recycling in Oconomowoc, WI",TRUE,TRUE
/wisconsin-recycling/racine/,location,,,KEEP,/wisconsin-recycling/racine/,"Racine County, WI Recycling: Electronics, Batteries & Bulbs","Recycling center Racine County coordinating acceptance of electronics, lamp waste, varied battery categories, paper materials, and approved discard streams. Call (800) 969-5166","Electronics Recycling in Racine County, WI",TRUE,TRUE
/wisconsin-recycling/sheboygan/,legacy,,,301,/wisconsin-recycling/,,,,FALSE,FALSE
/wisconsin-recycling/tv-recycling-appleton/,location,,,KEEP,/wisconsin-recycling/tv-recycling-appleton/,"Appleton, WI TV Recycling: CRT, LCD & LED","TV recycling Appleton WI for LCD screens, OLED units, plasma panels, rear-projection sets, and flat displays, received through documented intake steps. Call (800) 969-5166.","TV Recycling in Appleton, WI",TRUE,TRUE
/wisconsin-recycling/tv-recycling-green-bay/,legacy,,,301,/wisconsin-recycling/,,,,FALSE,FALSE
/wisconsin-recycling/tv-recycling-madison/,legacy,,,301,/wisconsin-recycling/,,,,FALSE,FALSE
/wisconsin-recycling/tv-recycling-milwaukee/,legacy,,,301,/wisconsin-recycling/,,,,FALSE,FALSE
/wisconsin-recycling/tv-recycling-waukesha/,location,,,KEEP,/wisconsin-recycling/tv-recycling-waukesha/,"Waukesha, WI TV Recycling: CRT, LCD & LED","TV recycling Waukesha for flat-panel sets, smart displays, projection units, gaming screens, and television hardware, received through controlled intake procedures. Call (800) 969-5166.","TV Recycling in Waukesha, WI",TRUE,TRUE
/wisconsin-recycling/washington-county-recycling-center/,location,,,KEEP,/wisconsin-recycling/washington-county-recycling-center/,"Recycling in Washington County, WI | Recycle Technologies","Recycling center Washington County WI accepting circuit boards, cables, lamps, dry cell batteries, and small equipment, managed through approved intake procedures. Call (800) 969-5166.","Electronics Recycling in Washington County, WI",TRUE,TRUE
/wisconsin-recycling/washington-county-recycling-center/wood-bury-recycling/,legacy,,,301,/wisconsin-recycling/,,,,FALSE,FALSE
/wisconsin-recycling/waukesha-electronic-recycling/,location,,,KEEP,/wisconsin-recycling/waukesha-electronic-recycling/,"Waukesha, WI Recycling: Electronics, Batteries & Bulbs","Sustainable electronic recycling Waukesha Wisconsin for servers, desktops, tablets, network gear, and components, managed through verified intake and processing steps. Call (800) 969-5166.","Electronics Recycling in Waukesha, WI",TRUE,TRUE
/wisconsin-recycling/waukesha-recycling-center/,location,,,KEEP,/wisconsin-recycling/waukesha-recycling-center/,"Waukesha, WI Recycling: Electronics, Batteries & Bulbs","Recycling center Waukesha providing intake for electronics, lamps, batteries, devices, and records, processed under approved handling steps. Call (800) 969-5166.","Electronics Recycling in Waukesha, WI",TRUE,TRUE
/paper-shredding/,legacy,,,301,/paper-shredding-services/,,,,FALSE,FALSE
/hard-drive-destruction-service/,legacy,,,301,/hard-drive-destruction-services/,,,,FALSE,FALSE
/battery-recycling-chicago/,location,,,KEEP,/battery-recycling-chicago/,"Battery Recycling in Chicago, Illinois | Recycle Technologies","Commercial battery recycling for Chicago businesses by scheduled pickup, with a mail-in program for residents. Processed at our R2v3 certified Midwest facilities since 1993.","Battery Recycling in Chicago, Illinois",TRUE,TRUE
/light-bulb-recycling-chicago/,location,,,KEEP,/light-bulb-recycling-chicago/,"Light Bulb Recycling in Chicago, Illinois | Recycle Technologies","Commercial light bulb and lamp recycling for Chicago businesses by scheduled pickup, with mail-in kits for residents. Fluorescent, CFL, HID and more, processed at our R2v3 certified facilities.","Light Bulb Recycling in Chicago, Illinois",TRUE,TRUE
/minnesota-recycling/battery-recycling/,location,,,KEEP,/minnesota-recycling/battery-recycling/,"Battery Recycling in Blaine, MN | Recycle Technologies","Drop off, business pickup or mail in spent batteries at our R2v3 certified Blaine, Minnesota facility. Alkaline, lithium-ion, lead-acid, NiCd and EV batteries sorted and recycled in-house since 1993.","Battery Recycling in Blaine, MN",TRUE,TRUE
/minnesota-recycling/light-bulb-recycling/,location,,,KEEP,/minnesota-recycling/light-bulb-recycling/,"Light Bulb Recycling in Blaine, Minnesota | Recycle Technologies","Drop off, schedule a commercial pickup or mail in fluorescent tubes, CFLs, HID and other lamps at our Blaine, Minnesota facility. Processed in-house, not through a broker, since 1993.","Light Bulb Recycling in Blaine, Minnesota",TRUE,TRUE
/minnesota-recycling/electronic-recycling/,location,,,KEEP,/minnesota-recycling/electronic-recycling/,"Electronic Recycling in Blaine, Minnesota | Recycle Technologies","Drop off, business pickup or mail in computers, monitors, printers, phones and other e-waste at our R2v3 certified Blaine, Minnesota facility. Dismantled and recycled in-house since 1993.","Electronic Recycling in Blaine, Minnesota",TRUE,TRUE
/wisconsin-recycling/battery-recycling/,location,,,KEEP,/wisconsin-recycling/battery-recycling/,"Battery Recycling in New Berlin, WI | Recycle Technologies","Drop off, business pickup or mail in spent batteries at our New Berlin, Wisconsin facility. Alkaline, lithium-ion, lead-acid, NiCd and EV batteries sorted by chemistry and recycled in-house since 1993.","Battery Recycling in New Berlin, WI",TRUE,TRUE
/wisconsin-recycling/light-bulb-recycling/,location,,,KEEP,/wisconsin-recycling/light-bulb-recycling/,"Light Bulb Recycling in New Berlin, Wisconsin | Recycle Technologies","Drop off, schedule a commercial pickup or mail in fluorescent tubes, CFLs, HID and other lamps at our New Berlin, Wisconsin facility. Processed in-house, not through a broker, since 1993.","Light Bulb Recycling in New Berlin, Wisconsin",TRUE,TRUE
/wisconsin-recycling/electronic-recycling/,location,,,KEEP,/wisconsin-recycling/electronic-recycling/,"Electronic Recycling in New Berlin, Wisconsin | Recycle Technologies","Drop off, business pickup or mail in computers, monitors, printers, phones and other e-waste at our New Berlin, Wisconsin facility. Dismantled and recycled in-house since 1993.","Electronic Recycling in New Berlin, Wisconsin",TRUE,TRUE
/sham-lighting-recyclers-are-you-at-risk-2/,post,,,301,/sham-lighting-recyclers-are-you-at-risk/,,,,FALSE,FALSE
/e-scrap-processor-charged-with-illegal-dumping-2/,post,,,301,/e-scrap-processor-charged-with-illegal-dumping/,,,,FALSE,FALSE
/reduce-reuse-recycle-re-examine-guide/,post,,,301,/reduce-reuse-recycle-re-examine/,,,,FALSE,FALSE
/e-waste-recycling-whats-next/,post,,,301,/social-responsibility-recycling/,,,,FALSE,FALSE
/tesla-battery-recycling/,post,,,301,/tesla-battery-recycling-secrets/,,,,FALSE,FALSE
/wisconsin-recycling/airbag-recycling/,location,,,KEEP,/wisconsin-recycling/airbag-recycling/,Airbag Recycling in Wisconsin | Recycle Technologies,"Undeployed airbags hold explosive chemicals like sodium azide, so they can't be tossed in the garbage.",Airbag Recycling in Wisconsin,TRUE,FALSE
/wisconsin-recycling/ballast-recycling/,location,,,KEEP,/wisconsin-recycling/ballast-recycling/,Ballast Recycling in Wisconsin | Recycle Technologies,"Old lighting ballasts can contain hazardous parts, including capacitors with PCBs and DEHP, so they don't belong in the garbage.",Ballast Recycling in Wisconsin,TRUE,FALSE
/wisconsin-recycling/on-site-off-site-shredding/,location,,,KEEP,/wisconsin-recycling/on-site-off-site-shredding/,"On-Site & Off-Site Shredding in New Berlin, Wisconsin | Recycle Technologies","When a business needs confidential paper destroyed, there are two ways to do it: bring the shredding to you, or take your documents to the shredding.","On-Site & Off-Site Shredding in New Berlin, Wisconsin",TRUE,FALSE
/wisconsin-recycling/paper-shredding/,location,,,KEEP,/wisconsin-recycling/paper-shredding/,"Paper Shredding Services in New Berlin, Wisconsin | Recycle Technologies",Tossing old files in a recycling bin does not meet the standard businesses are held to.,"Paper Shredding Services in New Berlin, Wisconsin",TRUE,FALSE
/wisconsin-recycling/phone-shredding/,location,,,KEEP,/wisconsin-recycling/phone-shredding/,"Phone Shredding Service in New Berlin, Wisconsin | Recycle Technologies","Simply turning a phone off, resetting it, or handing it down is not enough if sensitive information is still sitting on the device.","Phone Shredding Service in New Berlin, Wisconsin",TRUE,FALSE
/wisconsin-recycling/tv-recycling/,location,,,301,/tv-recycling-in-wisconsin/,,,,FALSE,FALSE
/minnesota-recycling/airbag-recycling/,location,,,KEEP,/minnesota-recycling/airbag-recycling/,Airbag Recycling in Minnesota | Recycle Technologies,"Airbags, especially undeployed ones, contain explosive chemicals such as sodium azide and can’t simply go in the trash.",Airbag Recycling in Minnesota,TRUE,FALSE
/minnesota-recycling/ballast-recycling/,location,,,KEEP,/minnesota-recycling/ballast-recycling/,Ballast Recycling in Minnesota | Recycle Technologies,"Lighting ballasts can contain hazardous components, including PCB- and DEHP-containing capacitors, and they don't belong in the trash.",Ballast Recycling in Minnesota,TRUE,FALSE
/minnesota-recycling/hard-drive-destruction/,location,,,KEEP,/minnesota-recycling/hard-drive-destruction/,"Hard Drive Destruction in Blaine, Minnesota | Recycle Technologies",Deleting files or reformatting a drive does not remove the data stored on it.,"Hard Drive Destruction in Blaine, Minnesota",TRUE,FALSE
/minnesota-recycling/on-site-off-site-shredding/,location,,,KEEP,/minnesota-recycling/on-site-off-site-shredding/,"On-Site & Off-Site Shredding in Blaine, Minnesota | Recycle Technologies","When a business needs confidential paper destroyed, there are two ways to do it: bring the shredding to you, or take your documents to the shredding.","On-Site & Off-Site Shredding in Blaine, Minnesota",TRUE,FALSE
/minnesota-recycling/paper-shredding/,location,,,KEEP,/minnesota-recycling/paper-shredding/,"Paper Shredding Services in Blaine, Minnesota | Recycle Technologies",Tossing old files in a recycling bin doesn't meet the standard businesses are held to.,"Paper Shredding Services in Blaine, Minnesota",TRUE,FALSE
/minnesota-recycling/phone-shredding/,location,,,KEEP,/minnesota-recycling/phone-shredding/,"Phone Shredding Service in Blaine, Minnesota | Recycle Technologies","Simply turning a phone off, resetting it, or handing it down isn't enough if sensitive information is still sitting on the device.","Phone Shredding Service in Blaine, Minnesota",TRUE,FALSE
/minnesota-recycling/tv-recycling/,location,,,301,/tv-recycling-in-minnesota/,,,,FALSE,FALSE
/airbag-recycling-chicago/,location,,,KEEP,/airbag-recycling-chicago/,"Airbag Recycling in Chicago, Illinois | Recycle Technologies",Recycle Technologies provides airbag recycling services to customers in the Chicago area.,"Airbag Recycling in Chicago, Illinois",TRUE,FALSE
/ballast-recycling-chicago/,location,,,KEEP,/ballast-recycling-chicago/,"Ballast Recycling in Chicago, Illinois | Recycle Technologies",Recycle Technologies provides ballast recycling services to businesses in the Chicago area.,"Ballast Recycling in Chicago, Illinois",TRUE,FALSE
/hard-drive-destruction-chicago/,location,,,KEEP,/hard-drive-destruction-chicago/,"Hard Drive Destruction in Chicago, Illinois | Recycle Technologies",Recycle Technologies provides certified hard drive destruction services to businesses in the Chicago area.,"Hard Drive Destruction in Chicago, Illinois",TRUE,FALSE
/on-site-off-site-shredding-chicago/,location,,,KEEP,/on-site-off-site-shredding-chicago/,"On-Site and Off-Site Shredding in Chicago, Illinois | Recycle Technologies",Recycle Technologies provides on-site and off-site shredding services to businesses in the Chicago area.,"On-Site and Off-Site Shredding in Chicago, Illinois",TRUE,FALSE
/paper-shredding-chicago/,location,,,KEEP,/paper-shredding-chicago/,"Paper Shredding Services in Chicago, Illinois | Recycle Technologies",Recycle Technologies provides secure paper shredding services to businesses in the Chicago area.,"Paper Shredding Services in Chicago, Illinois",TRUE,FALSE
/phone-shredding-chicago/,location,,,KEEP,/phone-shredding-chicago/,"Phone Shredding Service in Chicago, Illinois | Recycle Technologies",Recycle Technologies provides secure phone shredding services to businesses in the Chicago area.,"Phone Shredding Service in Chicago, Illinois",TRUE,FALSE
/tv-recycling-chicago/,location,,,KEEP,/tv-recycling-chicago/,"Television Recycling in Chicago, Illinois | Recycle Technologies",Recycle Technologies provides commercial television recycling services to businesses in the Chicago area.,"Television Recycling in Chicago, Illinois",TRUE,FALSE
/benefits-of-recycling-E-waste/,post,,,301,/benefits-of-recycling-e-waste/,,,,FALSE,FALSE
/electronics.html,legacy,,,301,/electronic-recycle/,,,,FALSE,FALSE
/mail-in/,legacy,,,301,/mail-in-recycling/,,,,FALSE,FALSE
/lightbulb-mail-in/,legacy,,,301,/mail-in-recycling/,,,,FALSE,FALSE
/local-recycling-services/,legacy,,,301,/all-locations/,,,,FALSE,FALSE
/contact.html,legacy,,,301,/contact-us/,,,,FALSE,FALSE
/minnesota-recycling/blaine/,location,,,301,/minnesota-recycling/ramsey/blaine/,,,,FALSE,FALSE
/wisconsin-recycling/new-berlin/,location,,,301,/wisconsin-recycling/new-berlin-recycling-center/,,,,FALSE,FALSE
/wisconsin-recycling/waukesha/,location,,,301,/wisconsin-recycling/waukesha-recycling-center/,,,,FALSE,FALSE
/wisconsin-recycling/milwaukee-recycling/,location,,,301,/wisconsin-recycling/milwaukee/,,,,FALSE,FALSE
/wisconsin-recycling/madison-2/,location,,,301,/wisconsin-recycling/madison/,,,,FALSE,FALSE
/wisconsin-recycling/electronic-recycling-appleton-2/,location,,,301,/wisconsin-recycling/appleton-electronic-recycling-center/,,,,FALSE,FALSE
/e-waste-recycling-2/,post,,,301,/electronic-recycle/,,,,FALSE,FALSE
/reduce-reuse-recycle-re-examine-2/,post,,,301,/reduce-reuse-recycle-re-examine/,,,,FALSE,FALSE
/hp-laptop-battery-recycling-proper-way-to-dispose-of-your-e-waste/,post,,,301,/hp-laptop-battery-recycling/,,,,FALSE,FALSE
/reviving-the-spark-what-is-electric-vehicle-battery-recycling/,post,,,301,/electric-vehicle-battery-recycling/,,,,FALSE,FALSE
/dispose-of-fire-extinguishers/,post,,,301,/dispose-of-fire-extinguisher/,,,,FALSE,FALSE
/wi-computer_recycling.htm,legacy,,,301,/wisconsin-recycling/electronic-recycling/,,,,FALSE,FALSE
/wi_lamp_recycling.htm,legacy,,,301,/wisconsin-recycling/light-bulb-recycling/,,,,FALSE,FALSE
